use web;

/*insert user*/
insert into user(user_id, user_name, user_avatar, password) values('254759','孙思思','254759.jpg','sss');
insert into user(user_id, user_name, user_avatar, password) values('675305','童鑫康','675305.jpg','txk');
insert into user(user_id, user_name, user_avatar, password) values('330545','周书烽','330545.jpg','zsf');
insert into user(user_id, user_name, user_avatar, password) values('123456','张三','123456.jpg','zs');
insert into user(user_id, user_name, user_avatar, password) values('654321','李四','654321.jpg','ls');
/*insert videos*/
insert into
video(video_id, user_id, video_title, video_cover,
      video_publish_time, video_type, video_brief_introduction,video_duration)
values('25475920210420173100.mp4','254759','学习','25475920210420173100.jpg',
       '2021-04-20 17:31:00','学习','学习使我快乐','00:03:41');
insert into
video(video_id, user_id, video_title, video_cover,
      video_publish_time, video_type, video_brief_introduction,video_duration)
values('25475920210420173200.mp4','254759','学习','25475920210420173200.jpg',
       '2021-04-20 17:32:00','学习','学习使我快乐','00:03:41');
insert into
video(video_id, user_id, video_title, video_cover,
      video_publish_time, video_type, video_brief_introduction,video_duration)
values('25475920210420173300.mp4','254759','学习','25475920210420173300.jpg',
       '2021-04-20 17:33:00','学习','学习使我快乐','00:03:41');
insert into
video(video_id, user_id, video_title, video_cover,
      video_publish_time, video_type, video_brief_introduction,video_duration)
values('25475920210420173400.mp4','254759','学习','25475920210420173400.jpg',
       '2021-04-20 17:34:00','学习','学习使我快乐','00:03:41');
insert into
video(video_id, user_id, video_title, video_cover,
      video_publish_time, video_type, video_brief_introduction,video_duration)
values('25475920210420173500.mp4','254759','学习','25475920210420173500.jpg',
       '2021-04-20 17:35:00','学习','学习使我快乐','00:03:41');
insert into
video(video_id, user_id, video_title, video_cover,
      video_publish_time, video_type, video_brief_introduction,video_duration)
values('25475920210420173600.mp4','254759','学习','25475920210420173600.jpg',
       '2021-04-20 17:36:00','学习','学习使我快乐','00:03:41');

insert into
video(video_id, user_id, video_title, video_cover,
      video_publish_time, video_type, video_brief_introduction,video_duration)
values('67530520210420173100.mp4','675305','生活','67530520210420173100.jpg',
       '2021-04-20 17:31:00','生活','生活多姿多彩','00:03:41');
insert into
video(video_id, user_id, video_title, video_cover,
      video_publish_time, video_type, video_brief_introduction,video_duration)
values('67530520210420173200.mp4','675305','生活','67530520210420173200.jpg',
       '2021-04-20 17:32:00','生活','生活多姿多彩','00:03:41');
insert into
video(video_id, user_id, video_title, video_cover,
      video_publish_time, video_type, video_brief_introduction,video_duration)
values('67530520210420173300.mp4','675305','生活','67530520210420173300.jpg',
       '2021-04-20 17:33:00','生活','生活多姿多彩','00:03:41');
insert into
video(video_id, user_id, video_title, video_cover,
      video_publish_time, video_type, video_brief_introduction,video_duration)
values('67530520210420173400.mp4','675305','生活','67530520210420173400.jpg',
       '2021-04-20 17:34:00','生活','生活多姿多彩','00:03:41');
insert into
video(video_id, user_id, video_title, video_cover,
      video_publish_time, video_type, video_brief_introduction,video_duration)
values('67530520210420173500.mp4','675305','生活','67530520210420173500.jpg',
       '2021-04-20 17:35:00','生活','生活多姿多彩','00:03:41');
insert into
video(video_id, user_id, video_title, video_cover,
      video_publish_time, video_type, video_brief_introduction,video_duration)
values('67530520210420173600.mp4','675305','生活','67530520210420173600.jpg',
       '2021-04-20 17:36:00','生活','生活多姿多彩','00:03:41');

insert into
video(video_id, user_id, video_title, video_cover,
      video_publish_time, video_type, video_brief_introduction,video_duration)
values('33054520210420173100.mp4','330545','美食','33054520210420173100.jpg',
       '2021-04-20 17:31:00','美食','干饭人干饭魂','00:03:41');
insert into
video(video_id, user_id, video_title, video_cover,
      video_publish_time, video_type, video_brief_introduction,video_duration)
values('33054520210420173200.mp4','330545','美食','33054520210420173200.jpg',
       '2021-04-20 17:32:00','美食','干饭人干饭魂','00:03:41');
insert into
video(video_id, user_id, video_title, video_cover,
      video_publish_time, video_type, video_brief_introduction,video_duration)
values('33054520210420173300.mp4','330545','美食','33054520210420173300.jpg',
       '2021-04-20 17:33:00','美食','干饭人干饭魂','00:03:41');
insert into
video(video_id, user_id, video_title, video_cover,
      video_publish_time, video_type, video_brief_introduction,video_duration)
values('33054520210420173400.mp4','330545','美食','33054520210420173400.jpg',
       '2021-04-20 17:34:00','美食','干饭人干饭魂','00:03:41');
insert into
video(video_id, user_id, video_title, video_cover,
      video_publish_time, video_type, video_brief_introduction,video_duration)
values('33054520210420173500.mp4','330545','美食','33054520210420173500.jpg',
       '2021-04-20 17:35:00','美食','干饭人干饭魂','00:03:41');
insert into
video(video_id, user_id, video_title, video_cover,
      video_publish_time, video_type, video_brief_introduction,video_duration)
values('33054520210420173600.mp4','330545','美食','33054520210420173600.jpg',
       '2021-04-20 17:36:00','美食','干饭人干饭魂','00:03:41');

insert into
video(video_id, user_id, video_title, video_cover,
      video_publish_time, video_type, video_brief_introduction,video_duration)
values('12345620210420173100.mp4','123456','音乐','12345620210420173100.jpg',
       '2021-04-20 17:31:00','音乐','如听仙乐耳暂明','00:03:41');
insert into
video(video_id, user_id, video_title, video_cover,
      video_publish_time, video_type, video_brief_introduction,video_duration)
values('12345620210420173200.mp4','123456','音乐','12345620210420173200.jpg',
       '2021-04-20 17:32:00','音乐','如听仙乐耳暂明','00:03:41');
insert into
video(video_id, user_id, video_title, video_cover,
      video_publish_time, video_type, video_brief_introduction,video_duration)
values('12345620210420173300.mp4','123456','音乐','12345620210420173300.jpg',
       '2021-04-20 17:33:00','音乐','如听仙乐耳暂明','00:03:41');
insert into
video(video_id, user_id, video_title, video_cover,
      video_publish_time, video_type, video_brief_introduction,video_duration)
values('12345620210420173400.mp4','123456','音乐','12345620210420173400.jpg',
       '2021-04-20 17:34:00','音乐','如听仙乐耳暂明','00:03:41');
insert into
video(video_id, user_id, video_title, video_cover,
      video_publish_time, video_type, video_brief_introduction,video_duration)
values('12345620210420173500.mp4','123456','音乐','12345620210420173500.jpg',
       '2021-04-20 17:35:00','音乐','如听仙乐耳暂明','00:03:41');
insert into
video(video_id, user_id, video_title, video_cover,
      video_publish_time, video_type, video_brief_introduction,video_duration)
values('12345620210420173600.mp4','123456','音乐','12345620210420173600.jpg',
       '2021-04-20 17:36:00','音乐','如听仙乐耳暂明','00:03:41');

insert into
video(video_id, user_id, video_title, video_cover,
      video_publish_time,video_type, video_brief_introduction,video_duration)
values('65432120210420173100.mp4','654321','动漫','65432120210420173100.jpg',
       '2021-04-20 17:31:00','动漫','青春热血','00:03:41');
insert into
video(video_id, user_id, video_title, video_cover,
      video_publish_time,video_type, video_brief_introduction,video_duration)
values('65432120210420173200.mp4','654321','动漫','65432120210420173200.jpg',
       '2021-04-20 17:32:00','动漫','青春热血','00:03:41');
insert into
video(video_id, user_id, video_title, video_cover,
      video_publish_time,video_type, video_brief_introduction,video_duration)
values('65432120210420173300.mp4','654321','动漫','65432120210420173300.jpg',
       '2021-04-20 17:33:00','动漫','青春热血','00:03:41');
insert into
video(video_id, user_id, video_title, video_cover,
      video_publish_time,video_type, video_brief_introduction,video_duration)
values('65432120210420173400.mp4','654321','动漫','65432120210420173400.jpg',
       '2021-04-20 17:34:00','动漫','青春热血','00:03:41');
insert into
video(video_id, user_id, video_title, video_cover,
      video_publish_time,video_type, video_brief_introduction,video_duration)
values('65432120210420173500.mp4','654321','动漫','65432120210420173500.jpg',
       '2021-04-20 17:35:00','动漫','青春热血','00:03:41');
insert into
video(video_id, user_id, video_title, video_cover,
      video_publish_time,video_type, video_brief_introduction,video_duration)
values('65432120210420173600.mp4','654321','动漫','65432120210420173600.jpg',
       '2021-04-20 17:36:00','动漫','青春热血','00:03:41');

/*insert conment*/
insert into comment(comment_id, video_id, user_id, comment_time, comment_content)
values('com1','25475920210420173100.mp4','254759','2021-04-20 17:33:00','好好学习天天向上');
insert into comment(comment_id, video_id, user_id, comment_time, comment_content)
values('com2','67530520210420173100.mp4','675305','2021-04-20 17:33:00','充实人生快乐每天');
insert into comment(comment_id, video_id, user_id, comment_time, comment_content)
values('com3','33054520210420173100.mp4','330545','2021-04-20 17:33:00','一顿不吃饿得慌');
insert into comment(comment_id, video_id, user_id, comment_time, comment_content)
values('com4','12345620210420173100.mp4','123456','2021-04-20 17:33:00','耳朵怀孕了啊啊啊');
insert into comment(comment_id, video_id, user_id, comment_time, comment_content)
values('com5','65432120210420173100.mp4','654321','2021-04-20 17:33:00','awsl');
/*insert likes*/
insert into likes(like_id, video_id, user_id, like_time)
values('l1','25475920210420173100.mp4','254759','2021-04-20 17:34:00');
insert into likes(like_id, video_id, user_id, like_time)
values('l2','67530520210420173100.mp4','675305','2021-04-20 17:34:00');
insert into likes(like_id, video_id, user_id, like_time)
values('l3','33054520210420173100.mp4','330545','2021-04-20 17:34:00');
insert into likes(like_id, video_id, user_id, like_time)
values('l4','12345620210420173100.mp4','123456','2021-04-20 17:34:00');
insert into likes(like_id, video_id, user_id, like_time)
values('l5','65432120210420173100.mp4','654321','2021-04-20 17:34:00');
/*insert collect*/
insert into collect(collect_id, user_id, video_id) values('col1','254759','25475920210420173100.mp4');
insert into collect(collect_id, user_id, video_id) values('col2','675305','67530520210420173100.mp4');
insert into collect(collect_id, user_id, video_id) values('col3','330545','33054520210420173100.mp4');
insert into collect(collect_id, user_id, video_id) values('col4','123456','12345620210420173100.mp4');
insert into collect(collect_id, user_id, video_id) values('col5','654321','65432120210420173100.mp4');

-- set foreign_key_checks = 0;
-- truncate user;
-- truncate video;
-- truncate comment;
-- truncate likes;
-- truncate collect;
-- set foreign_key_checks = 1;
#
# select * from user;
# select * from video;
# select * from comment;
# select * from likes;
# select * from collect;
